Workbook

Sheet Dataset
A1: Customer_ID | B1: Customer_Name | C1: Region | D1: Product | E1: Sales | F1: Quantity | G1: Discount | H1: Total_Purchase | I1: Profit | J1: Date
A2: CUST001 | B2: Mira Kumar | C2: East | D2: Groceries | E2: 3020.01 | F2: 9 | G2: 0.19 | H2: =E2*F2*(1-G2) -> 22015.873 | I2: =H2*0.2 -> 4403.1746 | J2: 2025-01-30
A3: CUST002 | B3: Karan Desai | C3: East | D3: Furniture | E3: 1862.73 | F3: 3 | G3: 0.07 | H3: =E3*F3*(1-G3) -> 5197.0167 | I3: =H3*0.2 -> 1039.4033 | J3: 2025-02-01
A4: CUST003 | B4: Isha Desai | C4: East | D4: Clothing | E4: 372.75 | F4: 9 | G4: 0.05 | H4: =E4*F4*(1-G4) -> 3187.0125 | I4: =H4*0.2 -> 637.4025 | J4: 2025-05-22
A5: CUST004 | B5: Nikhil Desai | C5: East | D5: Electronics | E5: 820.68 | F5: 3 | G5: 0.01 | H5: =E5*F5*(1-G5) -> 2437.4196 | I5: =H5*0.2 -> 487.48392 | J5: 2025-09-01
A6: CUST005 | B6: Nikhil Sharma | C6: North | D6: Electronics | E6: 2760.75 | F6: 2 | G6: 0.09 | H6: =E6*F6*(1-G6) -> 5024.565 | I6: =H6*0.2 -> 1004.913 | J6: 2025-06-10
A7: CUST006 | B7: Priya Patel | C7: South | D7: Electronics | E7: 440.84 | F7: 6 | G7: 0.08 | H7: =E7*F7*(1-G7) -> 2433.4368 | I7: =H7*0.2 -> 486.68736 | J7: 2025-05-29
A8: CUST007 | B8: Pooja Thomas | C8: West | D8: Groceries | E8: 4700.4 | F8: 4 | G8: 0.09 | H8: =E8*F8*(1-G8) -> 17109.456 | I8: =H8*0.2 -> 3421.8912 | J8: 2025-08-07
A9: CUST008 | B9: Mira Sharma | C9: East | D9: Furniture | E9: 3688.23 | F9: 9 | G9: 0.12 | H9: =E9*F9*(1-G9) -> 29210.782 | I9: =H9*0.2 -> 5842.1563 | J9: 2025-06-28
A10: CUST009 | B10: Nikhil Desai | C10: West | D10: Electronics | E10: 1221.5 | F10: 5 | G10: 0.09 | H10: =E10*F10*(1-G10) -> 5557.825 | I10: =H10*0.2 -> 1111.565 | J10: 2025-04-28
A11: CUST010 | B11: Kriti Desai | C11: East | D11: Groceries | E11: 3650.61 | F11: 6 | G11: 0.12 | H11: =E11*F11*(1-G11) -> 19275.221 | I11: =H11*0.2 -> 3855.0442 | J11: 2025-06-20
A12: CUST011 | B12: Tara Desai | C12: West | D12: Clothing | E12: 1453.12 | F12: 4 | G12: 0.03 | H12: =E12*F12*(1-G12) -> 5638.1056 | I12: =H12*0.2 -> 1127.6211 | J12: 2025-01-22
A13: CUST012 | B13: Karan Reddy | C13: East | D13: Furniture | E13: 1381.5 | F13: 9 | G13: 0.13 | H13: =E13*F13*(1-G13) -> 10817.145 | I13: =H13*0.2 -> 2163.429 | J13: 2025-06-27
... A201: CUST200 | B201: Isha Sharma | C201: North | D201: Furniture | E201: 2708.14 | F201: 1 | G201: 0.11 | H201: =E201*F201*(1-G201) -> 2410.2446 | I201: =H201*0.2 -> 482.04892 | J201: 2025-01-06

Sheet Analysis
A1: PR2 Analyzer - Formula & Analysis Section
A3: Average Total Purchase | B3: =AVERAGE(Dataset!H:H) -> 11766.733
A5: Max Total Purchase | B5: =MAX(Dataset!H:H) -> 40943.525
A7: Min Total Purchase | B7: =MIN(Dataset!H:H) -> 347.8464
A9: Customer Count | B9: =COUNTA(Dataset!A:A) -> 201
A11: Highest Spender | B11: =INDEX(Dataset!B:B,MATCH(MAX(Dataset!H:H),Dataset!H:H,0)) -> Dev Desai
A13: Now (Timestamp) | B13: =NOW() -> 45967.686
A15: Above Average Customers (using FILTER) | B15: =_xlfn._xlws.FILTER(Dataset!B:H,Dataset!H:H>AVERAGE(Dataset!H:H)) -> Customer_Name

Sheet Dashboard
A1: PR2 Analyzer Dashboard
A3: Total Sales | B3: =SUM(Dataset!H:H) -> 2353346.7
A5: Total Profit | B5: =SUM(Dataset!I:I) -> 470669.33
A7: Average Discount | B7: =AVERAGE(Dataset!G:G) -> 0.0998
